業種,顧客名,URL
福祉施設,合同会社Monstera,monstera-aloha.com
サービス,株式会社保険サービス,hokenservice.co.jp
卸売,株式会社大翔,daisho-oki.com
組合・団体,公益社団法人沖縄県シルバー人材センター連合,okinawa-sjc.com
サービス,Island Journey Guam Co.,island-journey-guam.com
自動車,株式会社 久保田安全ガラス,kubotagarasu.okinawa
自動車,有限会社ヒサシ自動車,hisashi-g.jp
不動産,株式会社Ｈ＆Ａトラスト,ha-t.biz
卸売,株式会社ミリオン,million-okinawa.jp
冠婚葬祭（式場）,山瀬観光有限会社,yamasekanko.net
サービス,琉球トータルクリーン,r-totalclean.com
整体・整骨・接骨,フットプロ,footpro-okinawa.com
士業,iKUMO会計事務所,ikumotax.jp
美容,犬の美容室ファースト,inunobiyoushitsu-first.jp
飲食,株式会社コミュニティフーズ,koh-ran.com
小売店舗,そして。ニシナ屋,sosite2478.com
小売店舗,株式会社渡久地ファスナー,toguchi-f.com
保育園・幼稚園,社会福祉法人 光和福祉会 新島こども園,mi-jimahoikuen.com
建築・建設・工事,有限会社デンセンドウ,densendou.jp
福祉施設,株式会社マルミツ土地,sakurasia-fukushima.com
サービス,株式会社 エブリー企画(トリップレンタカー繫体字サイト),trip-rentacar.net
建築・建設・工事,比嘉工業 株式会社,higa-kogyo.okinawa
,祭り用品きぬや,kinuya-youkoso.com
サービス,株式会社スクーデリア沖縄,okinawa-scuderia.jp
建築・建設・工事,株式会社 きゃん電研,kyan-denken.net
飲食,有限会社Blue Ribbon 沖縄,pizza-in.com
医院,渡口矯正歯科医院,toguchi-ortho.jp
飲食,ラーメン工場無双,ramen-musou.jp
サービス,株式会社ドローンムーブ,drone-move.com
保育園・幼稚園,社会福祉法人みのり福祉会　百合が丘保育園,yurigaoka-hoikuen.com
医院,医療法人木蓮の会　ぐしかわ皮膚科,gushikawa-hihuka.com
飲食,株式会社GO-TAs（海鮮丼専門店五星）,5sei.com
宿泊施設,株式会社セリアコーポレーション沖縄,skyliving-hotel.ryukyu
不動産,株式会社琉行,ryu-kou.jp
組合・団体,那覇市職員労働組合,nahashi-shokuro.com
福祉施設,有限会社 こころ,kokoro-home.com
卸売,有限会社 グリーンプラン新城,gettounakijin.com
整体・整骨・接骨,B-mind株式会社,b-mind.okinawa
工場・工業,ゆがふ製糖 株式会社,yugafuseito.com
建築・建設・工事,一般社団法人 三電エネルギー推進協議会,sanden-e.com
建築・建設・工事,株式会社協熱,kyo-netsu.com
建築・建設・工事,北陽エレベーター工業有限会社,hokuyoelevator.com
福祉施設,株式会社友　生活サポートセンターゆう,seikatu-sapo-yuu.jp
小売店舗,Rond ちいさなおやつ屋さん,rond-okinawa.com
卸売,株式会社首里とうふ,teruya-tofu.com
保育園・幼稚園,社会福祉法人 オリーブ福祉会,olivehoikuen.com
小売店舗,株式会社　いしだ文栄堂,ishidabuneidou.com
組合・団体,特定非営利活動法人 沖縄県マンション管理組合連合会,okikanren.com
建築・建設・工事,株式会社親泊木工,oyamoku.com
OK業,株式会社海邦総研,kaiho-ri.jp
福祉施設,合同会社Accompany　相談支援事業所 サービスプラン沖縄,accompany-oki.com
建築設計事務所,建築設計工房 paraya,paraya-architect.com
小売店舗,株式会社ブンリンドー,bunrindo-okinawa.com
小売店舗,株式会社Belile,belile.jp
組合・団体,一般社団法人 沖縄県舗装業協会,oki-hokyo.or.jp
建築・建設・工事,株式会社庭翠園,teisuien.co.jp
不動産,株式会社アイプロエスト,ipro-est.com
自動車,株式会社名古屋トランス,pineapple-rentacar.com
サービス,株式会社欅プラニング,39sakura.net
卸売,有限会社　田代商店,tashiroshouten.jp
福祉施設,株式会社 ケアハウスすみれ,soraumi-sumire.com
不動産,株式会社 うるま不動産,uruma-fudosan.com
運送,株式会社COLLABO JAPAN,collabojapan.jp
サービス,株式会社 エブリー企画(トリップレンタカー日本語サイト),trip-rentacar.jp
運送,有限会社パルス物流,pals-butsuryu.jp
建築・建設・工事,株式会社屋島組,yashima-gumi.net
運送,株式会社マリンフォード,marine-ford.com
建築・建設・工事,株式会社屋島組（リクルートサイト）,yashima-gumi-recruit.com
建築・建設・工事,株式会社YAFUSO総合設計一級建築士事務所,yafuso-sougousekkei.com
建築・建設・工事,大里総合建材 株式会社,ozato-kenzai.com
建築・建設・工事,株式会社 庭雅,livcomfort.jp
建築・建設・工事,大成企業株式会社,taiseikigyou.com
小売店舗,株式会社　琉球ヘルシーフーズ,ryukyu-hf.jp
組合・団体,公益社団法人 沖縄県公共嘱託登記土地家屋調査士協会,okikosh9.or.jp
小売店舗,Re-Life株式会社,daikichikitajima.jp
工場・工業,株式会社 倉敷,kurasiki098.com
福祉施設,株式会社 山宗,yamaso-okinawa.com
福祉施設,一般社団法人ラトナパーク　ひあたり,alnico.okinawa
建築・建設・工事,新栄設備工業株式会社,shinei-setubi.jp
小売店舗,有限会社 マルト醤油醸造元,maruto-syunka.com
医院,池田歯科クリニック,ikd-dc.com
サービス,合同会社SJ　OFFICE,sjoffice.jp
建築・建設・工事,ARATEC株式会社,aratec.co.jp
サービス,ちゅら桜,churasakura.okinawa
福祉施設,社会福祉法人はごろも福祉会,hagoromofukushikai.jp
自動車,丸貴 株式会社　,maruki-d.co.jp
サービス,BRIGHTレンタカー,bright-rent-a-car.com
卸売,株式会社 セントラルミート,bbq-okinawa.com
組合・団体,沖縄県コンクリート圧送安全協議会,okinawapump.com
組合・団体,沖縄県青年行政書士協議会,hojokin-okinawa.com
医院,国立大学法人 琉球大学(医学部 腎泌尿器外科),ryukyu-urology.jp
不動産,ニイホーム,niihome.com
美容,有限会社白鳩美容院,kotoreve.com
サービス,有限会社セイル,sail-os.co.jp
不動産,株式会社 フロンティアリゾート,frontier-resort.co.jp
サービス,n`s mart （n`s cafe sunset studio）,nscafe.jp
建築設計事務所,室内デザインスタジオ,shitsunai-design.com
医院,医療法人 泰成会 和花クリニック（外来サイト）,ohyama-uro.com
不動産,タマキハウジング株式会社,tamaki-house.jp
自動車,フリースタイル（オートショップ具志川）,free-style.okinawa
自動車,有限会社 兼城自動車整備工場,kaneshirojidousha.com
サービス,株式会社オリーブオイル（ハウスクリーニング）（全ページ制作分 60％）,oliveoil.co.jp
福祉施設,合同会社雅　放課後等デイサービスきらきら,tokushima-kirakirakids.com
卸売,株式会社 NEXT INNOVATION（鹿児島）,next-innovation-bs.com
自動車,株式会社徳田内装　（TIRE STATION KONG）,tirestation-kong.info
小売店舗,ゴールドジュエリーR,goldjewelry-r.com
サービス,有限会社大輝商事　（沖縄の法事相談所）,okinawa-houjisoudanjyo.com
小売店舗, ルポムのおかし,lepome-okashi.com
建築・建設・工事,大和建装,yamatokensou-okinawa.com
サービス,かふうレンタカー,kafuu-rent-a-car.com
組合・団体,公益社団法人糸満市シルバー人材センター,itomansjc.or.jp
建築・建設・工事,株式会社長崎冷熱,nagasaki-reinetsu.jp
建築・建設・工事,株式会社　豊神建設,hoshink.jp
福祉施設,株式会社 サポートプラスみどり町 デイサービスみどり町,day-midorimachi.com
福祉施設,社会福祉法人 清明会 介護老人福祉施設でいご園,deigoen.com
不動産,株式会社アルチェハウジング,arch.okinawa
保育園・幼稚園,一般社団法人竹の子キッズ,takenoko-kids.com
医院,国立大学法人 琉球大学病院 (リハビリテーション部）,ryudai-rehab.com
医院, 医療法人光和会　山里デンタルクリニック,yamazato-dentalclinic.com
サービス,株式会社ユーファースト,u-first.co.jp
自動車,中央特車 有限会社,clalease-trucklease.jp
保育園・幼稚園,社会福祉法人 まなぶ福祉会 森川保育園,morikawahoikuen.com
サービス,有限会社 FECオフィス,fec.okinawa
組合・団体,那覇西ロータリークラブ,nahawest-rotary.org
建築・建設・工事,株式会社徳田内装,tokuda-naisou.com
建築・建設・工事,合同会社オールシステム,allsys-okinawa.com
運送,有限会社久万海運,kyumakaiun.com
サービス,株式会社NDT沖縄,ndt-okinawa.com
カルチャースクール,英会話スクール J School,jschooliscool.com
医院,沖縄県眼科医会,okinawa-gankaikai.jp
小売店舗,株式会社 テクノテッタ,tecno-tetta.com
卸売,株式会社お茶の木,ochanoki.jp
建築・建設・工事,有限会社 コウケン設備,kouken-s.jp
組合・団体,那覇ロータリークラブ,naha-rc.org
福祉施設,合同会社結まーるYANBARU,yuima-ru-yanbaru.com
福祉施設,コンサーン株式会社,concern-with.net
工場・工業,アイ電機株式会社,eyedenki.jp
建築・建設・工事,株式会社インテリアプランニング・キット,kitroom.co.jp
建築・建設・工事,徳島ハウスセンター,tokushima-housecenter.com
自動車,株式会社BSP高松,bsp-takamatsu.com
建築設計事務所,有限会社エバ,evah-d.com
福祉施設, Buzzer Beater沖縄　合同会社 BBトレ　生活介護,bb-oozato.com
建築・建設・工事,株式会社オキナワ商事,okinawa-syouji.com
自動車,石井自動車学校株式会社,ishii-ds.com
卸売,株式会社阿波化成,awakasei.jp
飲食,Beaute,beaute-1.com
建築・建設・工事,三和開発,sanwakaihatu.com
福祉施設,有限会社 百十 ,momotogroup.com
人材派遣,株式会社熟練,jukuren.jp
医院,いわもと歯科医院,80-20.xyz
建築・建設・工事,合同会社花丸電気興業,hanamaru-denki.com
小売店舗,有限会社C&D,yellowbox-okinawa.com
建築・建設・工事,有限会社照屋防蝕工業,teruya-bousyoku.com
進学塾,高志塾,koushi-jyuku.com
自動車,輝琉オート,kiryu-auto.com
建築・建設・工事,光基 株式会社,kouki-kabu.com
サービス,株式会社 キュービック,q-biq.jp
医院,国立大学法人 琉球大学(医学部 整形外科),ros2019.com
保育園・幼稚園,学校法人大庭学園　若狭こども園,naha-wakasa.ed.jp
飲食,比嘉邸,higatei.jp
福祉施設,合同会社Laulele,laulele-okinawa.com
建築・建設・工事,針谷工業株式会社,hariya-k.co.jp
建築・建設・工事,國和建設（株）,kokuwa-k.co.jp
卸売,津田食品株式会社,tsudashokuhin.com
保育園・幼稚園,社会福祉法人 太陽の子福祉会 赤道あおぞら保育園,ti-danufa-aozora.com
福祉施設,株式会社Spinner,spinner-linkle.com
サービス,海外人材投資 株式会社,kaigaijinzaitoushi.com
卸売,株式会社　津梁,shinryo-okinawa.com
サービス,株式会社カプセル,capsula.co.jp
保育園・幼稚園,社会福祉法人タピック　おきなわ地球こども園,tapic-oec.ed.jp
自動車,バイクの二トラ,nitora-okinawa.com
福祉施設,株式会社 エヌエスケア仙台 (セレニティホスピス上杉),serenity-sendai.jp
福祉施設,株式会社 エヌエスケア仙台,ns-care-sendai.jp
小売店舗,有限会社シルク商事　銘升貿易,shiruku.jp
医院,又吉皮フ科,matayoshi-hihuka.com
小売店舗,有限会社　ともり事務用品社,tomojimu.com
小売店舗,noa,noa-okinawa.com
士業,橋目幸英税理士事務所,hashime-tax.com
運送,株式会社 沖港物流,okikoubutsuryu.com
福祉施設,社会福祉法人緑和会,ryokuwakai.com
卸売,有限会社西銘青果店,nishime-seika.com
保育園・幼稚園,社会福祉法人飛翼会　認定こども園ちゃいるどはうすエンジェル,childhouse-angel.com
サービス,萱野裕子,wareware.jp
不動産,有限会社ロムネットシステム,romnetsystem.jp
福祉施設,社会福祉法人徳島県社会福祉事業団,tokushima-jigyoudan.jp
卸売,株式会社 国際事務機,koku-jim.com
福祉施設,社会福祉法人佐那河内村社会福祉協議会,sana-shakyo.jp
製造業,株式会社レキオファーム,lequiofarm.com
建築・建設・工事,株式会社ハートランドホームデザイン工房,heartlandhomedb.com
冠婚葬祭（式場）,花儀社,hanagisha.com
組合・団体,瀬底区事務所,sesokokujimusho.jp
建築・建設・工事,あおい建装株式会社,aoikensou.moo.jp
建築・建設・工事,有限会社沖送電,oki-souden.com
サービス,琉球警備保障 株式会社,ryukei.okinawa
小売店舗,有限会社阿部石材店,abe-sekizai.jp
人材派遣,株式会社メディカルハッピー,obousan-rinrin.jp
卸売,株式会社徳元商店,tokumoto0145.com
建築・建設・工事,有限会社　浦西開発,uranisi-kaihatu.com
建築・建設・工事,國吉登記測量事務所,kuniyoshi-sokuryou.com
サービス,株式会社SOTOLABO,sotolabo.co.jp
小売店舗,株式会社 LIFE BOX,ks-variety.com
福祉施設,株式会社POP,pop-child.com
建築・建設・工事,金城左官工業,kinjyou-sakankougyou.com
工場・工業,株式会社協和製作所,k-kyouwa.co.jp
建築・建設・工事,株式会社works,works-office.com
医院,医療法人高徳会　読谷松永眼科,yomitan-matsunaga-ganka.com
建築・建設・工事,吉村建設株式会社,yoshimura-const.co.jp
製造業,株式会社ジェイアップ丸山,jap-maruyama.co.jp
建築・建設・工事,株式会社　羽田,kk-haneda.jp
飲食,有限会社渡嘉敷商会,karaoketomato.jp
医院,医療法人社団コスモ会　あらいクリニック,cosmo-arai1994.com
サービス,株式会社 ヒカリ,hikari-shouji.com
卸売,つづき商店,tsuzuki-syoten.com
進学塾,キッズ速算塾,kidzs-sokusanjuku.com
卸売,川上食品,kawakami-tohu.com
不動産,株式会社ALEST,alest-okinawa.com
印刷・デザイン, 株式会社　琉球ウォール,kanbansouko.com
保育園・幼稚園,社会福祉法人ひまわり福祉会　ひまわり保育園,oroku-himawari-hoikuen.com
OK業,公益社団法人　沖縄県小児保健協会,osh.okinawa
建築・建設・工事,西野工業株式会社,nishino-kougyou.com
士業,秋山社労士事務所,akiyama-sr.net
工場・工業,株式会社 徳島中央木材市場,tokushimachuo.jp
建築・建設・工事,琉球ストーク株式会社,mokuzookinawa.com
卸売,合同会社ゼンシン,oki-zensin.com
サービス,合同会社ライドフリークス沖縄（ひーぷー自動車学校）,hi-pu-ds.com
印刷・デザイン,富博産業株式会社,tomihiro1975.com
小売店舗,株式会社 銀座近江屋洋菓子店,ginzaohmiya.jp
自動車,ART BOMB,art-bomb.net
士業,斎藤国際特許事務所,saipat.com
不動産,株式会社沖縄ダイケン,higawa-parking.jp
運送,南商事運輸有限会社,tr-minami.com
美容,タイ古式RAKSAA,thai-raksaa.com
サービス,株式会社 ユカ,yuka.okinawa
宿泊施設,民宿八十窪,yasokubo.com
士業,オーケイ税理士合同事務所（税理士法人）古島事務所,ok-furujima.com
小売店舗,有限会社 新垣洋らん園,arakaki-orchids.com
組合・団体,一般社団法人おきなわASK,okinawaask.com
卸売,チュラコス 株式会社,churacos.okinawa
建築・建設・工事,有限会社かつ空調設備,katsu-kucyo.com
福祉施設,株式会社 けあさぽ沖縄,care-okinawa.com
自動車,カーテック岸元,cartech-kishimoto.com
運送,吉本運送有限会社,yoshimoto-unsou.com
医院,株式会社凛 訪問看護ステーションそわか,rin-sowaka.com
不動産,有限会社　丸二総業,maruni-02.com
保育園・幼稚園,有限会社アシスタンス,manapyi.com
交通,株式会社八千代バス・タクシー,yachiyo-bus-taxi.jp
建築・建設・工事,株式会社 アスティークプランニング,asteeq.com
自動車,ナルセオートサービス,naruse-auto-service.com
卸売,リドー商事,lido-shoji.jp
サービス,沖縄流通VAN株式会社,or-van.jp
製造業,株式会社東肥糧製造所,azuma-hiryou.com
医院,医療法人　愛燦会,ookitacodomoclinic.com
小売店舗,株式会社佐々長商店,sasacho.jp
カルチャースクール,澤田勝成津軽三味線教室,tsugarushamisen.tokyo
建築・建設・工事,株式会社テクノサポート,k-techno-sp.com
福祉施設,医療法人真愛会　サンライズ　いさ,sunrise-isa.com
カルチャースクール,ドローン・ディフェンス株式会社,drone-defense.jp
福祉施設,株式会社グローバルヘルスケア槍ヶ岳,yarigatake.com
サービス,名護市スポーツリハビリテーションセンター（タピック）,sporc.okinawa
医院,医療法人善立会　まつおTCクリニック,matsuo-tc-clinic.com
建築・建設・工事,共栄建設株式会社,kyouei-kensetsu.co.jp
建築・建設・工事,アーステック株式会社,e-tech416.com
工場・工業,株式会社 Smart Laser ＆ Plasma Systems,slps.jp
サービス,株式会社三星（旧 田中商会）,sansei2021.co.jp
福祉施設,株式会社エルワン,l-one-co.com
交通,株式会社那覇タクシー,nahataxi.com
美容,プリメイル,primeil.net
建築・建設・工事,株式会社 コネクト,connect1001.com
小売店舗,株式会社カミチ　栄シート,sakaesheet.com
建築・建設・工事,K.E興業 株式会社,ke-kogyo.com
運送,株式会社 那覇ハイヤー,naha-hire.com
福祉施設,社会福祉法人 乙羽会,otowakai.com
建築設計事務所,株式会社 神里設計,kamizato-sekkei.com
医院,なかの歯科クリニック,nakano-dental-office.com
建築・建設・工事,木下建築,kinoshita-kentiku.com
製造業,プラグレス,plugless.jp
小売店舗,株式会社トーエイ,o-toei.com
建築・建設・工事,株式会社フロンティア,cs-frontier.jp
小売店舗,仲泊売店,nakadomari-baiten.com
福祉施設,合同会社TNK,inaho-houmonkango.com
自動車,Engine TEC （エンジンテック）,engintec.com
サービス,株式会社インフォービス（コーポレートサイト）,inforvice.co.jp
建築・建設・工事,株式会社わたなべ,watanabe-inc.net
保育園・幼稚園,社会福祉法人 三河福祉会 すてらこども園,stellahoikuen.com
卸売,株式会社新垣具郎商店,arakaki-grow.co.jp
建築・建設・工事,インテリアオクマ,interior-okuma.com
福祉施設,社会福祉法人 くにさき福祉会,kunisakinosato.com
進学塾,宮城珠算学校,miyagi-shuzan.com
工場・工業,有限会社 マック,eco-mac.biz
サービス,株式会社Graph.,graph-inc.co.jp
サービス,徳島天満座,tenmaza.com
建築・建設・工事,あんらく電化サービス株式会社,anraku-ds.com
福祉施設,株式会社アプリス,apuris.jp
建築・建設・工事,株式会社ark staff,ark-staff.com
サービス,美琉水,miryusui.com
進学塾,秀斗学院,syuutogakuin.com
美容,MEN’S salon ナイスBOY！,nice-boy.jp
美容,メンズ脱毛サロン smooth.,smooth.okinawa
工場・工業,株式会社バイロン沖縄,vairon.net
建築・建設・工事,イズミヤ電気　エアコン工事ドットコム,aircon-koji.com
自動車,合同会社　サンセル,sanseru.com
自動車,株式会社TMSカープロデュース417,carpro417.com
サービス,フレアス在宅マッサージ 広島東区施術所（株式会社ロータスボンド）,lotuspond116.com
交通,西武タクシー 株式会社,seibutaxi.jp
医院,医療法人 蒼海の会 まえだクリニック,maedaclinic2015.com
工場・工業,有限会社 沖縄イリョーサービス,iryou-s.com
建築・建設・工事,株式会社友羽総業（旧：友羽プラン）,yuuha-plan.com
美容,HAIR Noah ヘアーノア,hair-noah.com
組合・団体,一般社団法人 日本ノーファンデーション協会,jnf-japan.com
サービス,株式会社 bond ギフティーズ（旧スパイス）,spice.okinawa
整体・整骨・接骨,株式会社 健整舎,kenseisha-kumamoto.com
小売店舗,あ’sキカク,akune-as.com
小売店舗,カフ 株式会社,kapf-kyoto.com
組合・団体,特定非営利活動法人 もも,momo.okinawa
建築・建設・工事,有限会社全勝組,zensho-motobu.com
カルチャースクール,株式会社 フィットネスプロモーション,xystus.okinawa
建築・建設・工事,株式会社アイエヌジー,ing-3344.com
自動車,フジレンオートサービス,fujirent-auto.com
サービス,コスモプロジェクト株式会社,cosmo-project.com
小売店舗,株式会社 Gloliqe（酒のスマイル小禄店）,sakenosmile.okinawa
福祉施設,社会福祉法人 琉球溢愛会 愛泉園,ituaikai.com
運送,株式会社 Syzygy REcreate,syzygy-recreate.com
建築・建設・工事,株式会社 ニューテック,newtech-okinawa.com
工場・工業,丸福ステンレス工業株式会社,marufuku-s.co.jp
建築・建設・工事,株式会社 島田設備,shimadasetsubi.net
サービス,株式会社miracle-r（旧：株式会社ミラクル・R）,miracle-r.jp
宿泊施設,有限会社たつのや,minshuku-tatsunoya.com
工場・工業,たちね石材,ibusuki-tachine-sekizai.com
福祉施設,合同会社People Lab,peoplelab-okinawa.com
組合・団体,勝連漁業協同組合,katsuren.net
小売店舗,株式会社 アイフレンド,eyefriend.jp
建築設計事務所,株式会社 アートマン計画事務所 (沖縄の宿 行燈),okinawayado.com
建築・建設・工事,有限会社太陽ハウス,sumamado.net
医院,はせがわデンタルクリニック,dc-hasegawa.com
小売店舗,株式会社 宇那志豆腐店,unasitoufu.com
建築・建設・工事,株式会社ジャンテック技建,jnt-giken.com
建築・建設・工事,株式会社 クラッシードイツキ,ituki-okinawa.com
保育園・幼稚園,社会福祉法人恵の園福祉会　てだこ保育園,tedakonurseryschool.com
工場・工業,株式会社 坂本砿業所,inakagurashi-yufu.com
建築・建設・工事,株式会社斉藤耐火工業,saitotaika.com
サービス,928ギター教室,n928.jp
不動産,株式会社オフィス多栄,officetae.jp
サービス,株式会社ミナミ,minami-wakamizu.com
美容,カットルームPAPA’s,cutroom-papas.com
建築・建設・工事,リュウ技研株式会社,ryu-giken.com
美容,ポイント倶楽部株式会社 アロマシーズン,aroma-season.net
福祉施設,合同会社 樹,forest-ituki.com
建築・建設・工事,有限会社クローバルテック,clobaltech.com
飲食,創作お好み焼きとんと,tonto.info
小売店舗,有限会社コウリョウコーポレーション,koryo8.jp
美容,すみ美粧院,sumibisyo-in.com
美容,Salon de Brillant,salon-de-brillant.com
サービス,株式会社 光皇,kouou-hikari.com
卸売,株式会社沖縄エージングカンパニー,ageing-company.com
福祉施設,株式会社 志情 しなさき訪問看護ステーション,shinasaki.com
福祉施設,合同会社commemoi デイサービス凜,commemoi.okinawa
印刷・デザイン,三起デザイン株式会社,sanki-design.com
不動産,有限会社　真和土地,shinwatochi.net
福祉施設,株式会社 KHM,happiness33khm.com
卸売,株式会社 機工,kikou2000.com
建築・建設・工事,有限会社カワベ電設,kawabedensetsu.com
建築・建設・工事,株式会社シビルエンジ,civil-eg.com
サービス,株式会社 ESビルサービス,esbuil.com
建築・建設・工事,有限会社 前堂建設,maedo-k.okinawa
自動車,株式会社 Ryu Auto,ryuauto.com
建築・建設・工事,株式会社 ニシダ工業,nsd-k.com
サービス,株式会社 海洋散骨OKINAWA,seamony.jp
工場・工業,株式会社 弓長産業,yuminaga.com
サービス,新崎クッキングスクール,arasaki-ako.com
福祉施設,株式会社 カインドライフ,kindlife.net
建築・建設・工事,株式会社 高創テクノロジー,koso2015.com
建築・建設・工事,有限会社 中尾総業,nakao-sogyo.com
保育園・幼稚園,株式会社 暁,aozora-himawari.com
組合・団体,公益財団法人 暴力団追放沖縄県民会議,oki-boutsui.or.jp
製造業,モノサポ株式会社,monosapo.co.jp
建築・建設・工事,上門工業 株式会社,uejo.co.jp
サービス,合同会社REDI,wellbeeing.jp
サービス,Now or Never,nowornever-fukuoka.com
小売店舗,愛清館八楠薬局,aiseikan-y.com
サービス,株式会社 JYONETS企画（株式会社JYONETS企画 サイト）,jyonetsu-kikaku.com
運送,株式会社港タクシー,minato-taxi.net
建築・建設・工事,松永産業,matsunaga-sangyo.com
小売店舗,日本サメの海物産 株式会社,samesame.jp
進学塾,総合学習塾キセキ,kiseki-okinawa.com
建築・建設・工事,北村工業株式会社,kitamura-ind.com
建築・建設・工事,株式会社 湯本工業,yumotokougyo.com
保育園・幼稚園,株式会社 きっず・スペース,kids-space.jp
カルチャースクール,草津GUTS体操スクール,guts-kusatsu.com
サービス,有限会社 エーディーネットワークス,a-d-networks.com
福祉施設,有限会社 福寿荘,gh-fukujusou.com
医院,しむら歯科医院,shimurashika.net
サービス,株式会社 正光美掃管理,kireiya39.com
サービス,有限会社クリエイティブジャパン,ship-creativejapan.com
建築・建設・工事,株式会社 ニライ設備設計,nirai.okinawa
建築・建設・工事,有限会社 平松工務店,hiramatsukoumuten.com
士業,野上税理士事務所,nogami-zeirishi.net
交通,三井交通株式会社,mitsuikotu.com
卸売,株式会社大橋 (B-Bridge),b-bridge-shiga.com
卸売,山銀青果 有限会社,yamaginseika.jp
建築・建設・工事,植村工務店,uemura-koumuten.net
医院,大嶺医院,oomineiin.com
卸売,株式会社沖縄給油設備,okinawakyuuyusetubi.com
建築・建設・工事,みのだ建装,minodakensou.com
小売店舗,株式会社瀬戸内仏具店,suzumenosato.jp
建築・建設・工事,有限会社 沖縄名和電機,o-meiwa.com
保育園・幼稚園,社会福祉法人心風会あっぷる保育園,applehoikuen.com
飲食,栄町・寿司・小料理 扇,ougi-tokushima.com
組合・団体,沖縄県赤瓦事業協同組合,okinawaakagawara.com
医院,白金高輪デンタルクリニック（インプラント専門サイト）,shirokane-implant.jp
整体・整骨・接骨,有限会社森田鍼灸整骨院,ichizuni-chiryou.com
卸売,鷲や,muichiga.com
医院,宮田歯科クリニック,miyata-dental-clinic.com
整体・整骨・接骨,あらかき整骨院,arakaki-seikotsuin.com
進学塾,ブロードバンド予備校　那覇本校,bbynaha.com
工場・工業,昭建工業,shoken-k.com
サービス,株式会社BBライン,bbline.jp
福祉施設,特定非営利活動法人 障がい者支援センターぴゅあ,pure.okinawa
組合・団体,千葉聖心高等学校,chibaseishin-h.ed.jp
サービス,株式会社 南日本化学,hyper-guard.com
建築・建設・工事,三幸無線株式会社,sanko-musen.co.jp
建築・建設・工事,有限会社 沖縄メンテナンス,okinawa-m.com
福祉施設,合同会社光永グループ,hanahana-kaigo.com
運送,株式会社 ビートル引越センター,beetle-hikkoshi.com
サービス,株式会社かたづけ隊,katatuketai.com
福祉施設,有限会社バイオメディカルアキヅキ,hosupiogura.com
サービス,株式会社ヒカリサービス,hikari-service-kagoshima.net
工場・工業,有限会社岐阜化学工業,gifu-chemical.com
保育園・幼稚園,株式会社 沖東交通,orange-kidsland.com
小売店舗,OPTICO GUSHIKEN,optico-gushiken.com
建築・建設・工事,有限会社 濱田瓦工業所,hamadakawara.co.jp
整体・整骨・接骨,有限会社篠原接骨院,shinohara-ssekkotuin.com
建築・建設・工事,株式会社　org,org2039.com
建築・建設・工事,株式会社 和龍,waryu-fuk-ltd.com
サービス,美ら島探検隊 TLEBO,tlebo.okinawa
組合・団体,世界連邦運動協会徳島支部（有限会社日本教育マネジメント）,wfm-tokushima.com
建築・建設・工事,秋山建設 株式会社,akiyamakk.com
建築・建設・工事,株式会社 若狭サービス社,wakasa-s.jp
保育園・幼稚園,一般社団法人みなみのかぜ学園 みなみの風保育園,minaminokazegakuen.com
卸売,有限会社シルバー館,silver-kan.com
小売店舗,食パン工房カズ,syokupankoubou-kazu.com
サービス,株式会社 R52,r-52.net
福祉施設,株式会社だいこんの花　障がい者就労支援施設ゆかいな仲間,daikonnohana.okinawa
建築・建設・工事,エーアンドエス設計（アーキペクター設計）,apdesign.jp
,ピッツェリア　リストランテ　アルティスタ,il-artista.com
保育園・幼稚園,社会福祉法人 温和会 認定こども園 まほろば保育園,mahoroba-hoikuen.com
建築・建設・工事,伊良皆圧送,ponpu-iramina.com
福祉施設,セキュア・ベース合同会社（こもれび通所支援事業所）,komorebi0701.com
福祉施設,合同会社 ぬあんほ,jyu-jyu.com
自動車,株式会社MasaGarage,masagarage.com
福祉施設,特定非営利活動法人ベンチマークぷらす,benchmark-plus.com
士業,弁護士法人那覇綜合,kirin-law.jp
卸売,有限会社なかがわ,nakagawa-fish-market.com
美容,LoiseauBleu,loiseaubleu-hair.com
組合・団体,公益社団法人 沖縄県不動産鑑定士協会,fudousan-kanteishi.okinawa
サービス,株式会社 琉球広報,ko-ho.com
福祉施設,株式会社machibono,machibono.com
卸売,株式会社 薩摩翁,satsumaokina.com
医院,アネシスペットクリニック,anesis-pc.com
福祉施設,合同会社MAKEFIT,llc-makefit.com
宿泊施設,株式会社 エアホテル,airway.co.jp
工場・工業,株式会社 立神鐵工所,tachigami.com
サービス,株式会社キュービック,q-biq.jp
建築・建設・工事,天満管工業株式会社,tkk-inc.jp
不動産,福岡住研究所,fusumalab.jp
建築・建設・工事,株式会社Inoステージ　川大仮設リニューアル,inostage.com
保育園・幼稚園,社会福祉法人栄福祉会 あかるい子保育園,akaruiko-hoikuen.com
福祉施設,社会福祉法人 残波かりゆし会,zanpakariyushi.com
宿泊施設,カナホテル　（株式会社加那）,kanahotel.jp
不動産,住まいる企画 株式会社,smile-plan.jp
医院,医療法人 八重会 たまきクリニック,tamaki-c.com
福祉施設,あけぼの会 介護老人保健施設 平成苑,heiseien-okinawa.com
福祉施設,合同会社SKY,careplan-sora.com
サービス,有限会社 アンドインディー,and-indy.com
建築・建設・工事,有限会社よろこび電化,yorokobidenka.com
サービス,有限会社プロシード,agesbase.com
サービス,一般社団法人TJC教育サポート,tjc-e-s.org
建築・建設・工事,栗原住建,kuriharajuken.com
医院,ハートランド歯科クリニック（インプラント）,heart-land-dc.net
カルチャースクール,かねもと音楽教室,kanemoto-ongaku.com
建築・建設・工事,合同会社小ヶ倉総業,kogakura.net
飲食,有限会社うめだ（らく楽39）,rakuraku39.com
建築・建設・工事,株式会社天元工業,tengenkogyo.com
建築・建設・工事,株式会社共同テクノ,kyodotechno.com
保育園・幼稚園,社会福祉法人 秀美会（ふくよし保育園）,fukuyoshi-hoikuen.com
保育園・幼稚園,社会福祉法人 秀美会（いきさん保育園）,ikisan-hoikuen.com
建築・建設・工事,株式会社浅草組,asakusa-gumi.com
小売店舗,めがねのフォルテ,megane-forte.net
建築設計事務所,有限会社CaSaplus,casa-plus.jp
医院,医療法人社団誠明会 しまずえ歯科クリニック,shimazue-dental.jp
運送,株式会社エゾリク,ezoriku.net
福祉施設,株式会社あさがお,hohoeminomori.com
福祉施設,合同会社 大愛,kaigostation-dia.com
医院,医療法人桜実会 よし歯科クリニック,yoshi-shika.com
建築・建設・工事,寿総建,kotobuki-soken.com
自動車,スイートオート,suite-auto.com
飲食,有限会社五月商事,oshokujidokoro-satuki.com
建築・建設・工事,株式会社2×4construction,24c.jp
建築・建設・工事,株式会社長塚内装,nagatsuka-interior.com
整体・整骨・接骨,カイロプラクティック総癒館加西院,souyukan-kasaiin.com
医院,桜台歯科クリニック,sakuradai-dc.net
建築・建設・工事,株式会社 左官工業吉満,sakan-yoshimitsu.com
建築・建設・工事,株式会社ヨネミツ,yonemitsu.jp
医院,鈴木歯科医院,chiba-dental-inage.jp
飲食,ululato,ululato-kuroki.com
福祉施設,株式会社福祉サービス さら,sara-fukusi.com
工場・工業,株式会社弥刀工業,mito-k.biz
小売店舗,土井建具,awa-tfactory.com
医院,日生歯科診療所,nissei-dental.com
不動産,合同会社KOSMOS,kosmos-llc.com
工場・工業,有限会社 芦沢工業所,ashizawakogyosyo.net
医院,佐瀬歯科クリニック,sase-shika.com
小売店舗,有限会社 山本洋蘭（リニューアル）,yamamotoyouran.co.jp
進学塾,マイセルフ自立学習塾,myself-korauchi.com
建築・建設・工事,株式会社勝巳建設,katsumi-k.jp
建築・建設・工事,有限会社田上風呂店,tagamifuroten.com
建築・建設・工事,中嶋石材商事,nakashima24.com
医院,秋田歯科医院,akita-shika.net
医院,医療法人社団 青鳥会 青い鳥歯科クリニック,bluebird.tokyo
寺院,宗教法人 長福寺,chofuku-ji.org
建築・建設・工事,株式会社池田電気商会,ikeda-d01.com
自動車,株式会社辻森商会,tsujimori.jp
建築・建設・工事,有限会社花井住設,hanai-jusetsu.com
建築・建設・工事,KK建設管理株式会社,kk-kensetukanri.com
建築・建設・工事,株式会社C-coat ,c-coat.jp
サービス,堤順平,junpeitsutsumi.com
福祉施設,株式会社WIbe AOZORA CARE,mission-wibe.com
飲食,キッチンりへい,kitchen-rihei.com
医院,医療法人社団 輝梟会 山口歯科医院,hamamatsu-ireba.com
サービス,Aventura株式会社,aventura.jp
サービス,株式会社エス・アンド・ピー,sayp.jp
工場・工業,株式会社沼屋本店,numaya.co.jp
福祉施設,合同会社 ストレングス,strength-ltd.com
小売店舗,パティスリーローズパール,rose-pale.com
建築・建設・工事,研都モータース株式会社,kenz-motors.com
福祉施設,株式会社エフテック(サービス付き高齢者向け住宅赤とんぼ),akatombo-yame.com
医院,三軒茶屋矯正歯科クリニック（小児矯正・マウスピース矯正）,sancha-orthodontics.com
医院,金町駅前やなぎ歯科（矯正歯科・小児歯科）,kanamachi-kyousei.com
建築・建設・工事,K-TEC ケイテック,k-tec2000.com
医院,医療法人社団 山脇会 やまデンタルクリニック ,yama-dental.jp
美容,Men's Salon 奏,menssalon-kanade.com
医院,医療法人社団NWCなかやま歯科医院,nakayama-smile.com
進学塾,個別指導ジェネシス,genesis-school.jp
飲食,有限会社ミウラシーリング,iwaki-genesis.com
飲食,焼肉 夢∞元,yakiniku-mugen.com
飲食,成田商店,bananaoukoku.com
工場・工業,南自動車GLANZ,glanz-amami.com
工場・工業,有限会社セントラルモータース,centmoto.jp
美容,カットクラブ髪屋　Junkey’s店,kakkura.jp
工場・工業,コリンズ・エンタープライジィズ 株式会社,nihonbasix.com
福祉施設,社会福祉法人 粟国村社会福祉協議会,aguni-shakyo.com
建築・建設・工事,有水,kts8008.com
建築・建設・工事,有限会社 美建設計,biken-architect.co.jp
建築・建設・工事,有限会社アームズ,arms-block.com
農業,有限会社青松,seis2.jp
建築・建設・工事,株式会社ケント,kent-tsushima.com
工場・工業,株式会社 ホンダクオリティー,honda-quality.com
農業,有限会社清広商事,seikoushouzi.com
卸売,有限会社山元商店,yamagen-syouten.com
建築・建設・工事,エムズシー 株式会社,msc.okinawa
サービス,体験教育社ヤクシマーズ,yakushima-zu.com
建築・建設・工事,TAKA電・JP株式会社,tkden.jp
建築・建設・工事,株式会社安立土建,adachidoken.com
建築・建設・工事,メイプラサービス 株式会社,meipra.com
医院,江古田たかはし歯科クリニック,ekoda-takahashidentalclinic.com
運送,赤帽AAI森運送,mori-unsou.net
建築・建設・工事,ソンズ株式会社,sons.ink
福祉施設,株式会社AtoC,atockara.co.jp
自動車,株式会社エムグローバル,mglobal-okayama.com
建築・建設・工事,株式会社鵜建,kk-uken.com
工場・工業,株式会社草刈自動車,kusakari-car.com
建築・建設・工事,KNプランニング　株式会社,k-n-planning.com
建築・建設・工事,インテリア谷本,i-tanimoto.jp
サービス,放課後児童クラブくまさんハウス,kumasanhouse.jp
福祉施設,有限会社 やまもと,akarinosato8700.com
工場・工業,ID OFFICE,idoffice-gifu.com
医院,医療法人 つづく歯科医院,dc-tsuzuku.com
医院,河辺ペットクリニック,kabepet.com
運送,株式会社アスリート,athlete1.jp
整体・整骨・接骨,コスモス治療院 川口店,cosmos-health.jp
不動産,有限会社ハート住宅,heart-jutaku.okinawa
医院,かごはら南口歯科クリニック,kagoharaminami-dental.com
建築・建設・工事,株式会社 江藤工務店,etoukoumuten.com
卸売,銘升国際貿易株式会社,meisyou.jp
建築・建設・工事,有限会社中村左官工業,nakamurasakan.com
小売店舗,株式会社スミヨシ,sumiyoshi-photo.com
医院,桑鶴歯科医院,kuwaturu.biz
福祉施設,特定非営利活動法人 ビ助っ人,kankichikai.com
不動産,株式会社町なか不動産,machinakafudousan.com
建築・建設・工事,富田組株式会社,tondagumi.com
サービス,株式会社 うむい,umui.co.jp
工場・工業,有限会社板津バレル,itazubarrel.co.jp
小売店舗,有限会社イルモーロ,ilmolo-1990.net
医院,あかし内科クリニック,akashinaika.okinawa
建築・建設・工事,株式会社及川総建,oikawasouken0123.com
工場・工業,中村自動車,nakamurajidousha.com
建築・建設・工事,ナガオカ総建,nagaokasoken.com
建築・建設・工事,牛木建設株式会社,ushikikensetsu.com
建築・建設・工事,有限会社牧瀬工務店,makisekoumuten.jp
サービス,株式会社 トイレックス9,toirex9.jp
サービス,株式会社ハートライフ・恵,heart-life-kei.com
保育園・幼稚園,American Kindergarten アメリカン・キンデゥガーデン,americankindergarten.com
美容,GLADYS グラディス,n-b-gladys.com
福祉施設,社会福祉法人与勝福祉会 特別養護老人ホーム与勝の里,yokatsu.okinawa
飲食,株式会社安庵,anan.okinawa
サービス,シークレットジャパン栃木,secretjapan-tochigi.com
運送,株式会社シードコーポレーション,seedcorp1.com
運送,株式会社オート・トランスポート,auto-transport.co.jp
サービス,シークレットジャパンMIRAI,secretjapan-mirai.com
工場・工業,A.M.K,amk-products.jp
医院,有限会社歯研二十一,shiken21.com
建築・建設・工事,有限会社若山組,wakayamagumi.org
サービス,タイ古式マッサージガテェー,massage-gatea.com
自動車,View,view-view.com
小売店舗,銘升国際貿易株式会社 AJTS 全日本旅行サービス,ajts.jp
建築・建設・工事,株式会社羽生田建築,haniudakenchiku.com
建築・建設・工事,株式会社 新高電気計装,xn--efv95ll50a5dbs58asof.net
その他,アイ・エイチ・ジェイ株式会社（UTMサイト）,ihj-utm.com
工場・工業,株式会社オーエム,k-om.net
建築・建設・工事,ホームサプライ有限会社,a-buster.co.jp
その他,アイ・エイチ・ジェイ株式会社（HPサテライト）,ihj-hp.com
その他,アイ・エイチ・ジェイ株式会社（法人携帯サテライトサイト）,ihj-houjin-keitai.com
寺院,日蓮宗妙方教会,myouhou-kyoukai.com
小売店舗,古美術藤城,fujishiro-art.com
卸売,株式会社全琉特機,zenryu-tokki.com
工場・工業,株式会社IG藤島製作所,igfujishima.com
印刷・デザイン,HANKO専門店 印鑑工房はん,inkankobo-han.com
工場・工業,株式会社 S-CRAFT,s-craft-tokyobay.co.jp
その他,アイ・エイチ・ジェイ株式会社（コピー機サイト）,ihj-copy.com
建築・建設・工事,藤幸工業 株式会社,fujikou22.com
卸売,株式会社 トピー商事,topy-okinawa.com
卸売,株式会社 南西沖食,nansei-okisyoku.com
不動産,株式会社エバートラストハウジング,evertrust-h.com
サービス,ユタカ電機株式会社,yutaka-ema.com
サービス,ペット葬祭サービス,pet365.okinawa
建築・建設・工事,丸星興業,maruboshikougyou.com
寺院,宗教法人與杼神社,yodojinja.com
建築・建設・工事,株式会社悟鈴,gorei-inc.com
飲食,パティスリークラーベ,patisserie-clave.com
自動車,株式会社 OTM,otm.okinawa
工場・工業,有限会社 大山甚七商店,jin7.co.jp
運送,東洋陸運株式会社,toyo-rikuun.co.jp
医院,なかぐすく皮フ科クリニック,nakagusuku-hihu.com
建築・建設・工事,株式会社　アヅマ,azuma430.com
建築・建設・工事,有限会社 メンテナンスナカムラ　採用サイト,mnt-n.co.jp
建築・建設・工事,作都工業,sakutokougyou.com
サービス,株式会社民警,min-k.net
建築設計事務所,エース建築設計 株式会社,ace-arch.com
飲食,食べ処かいか,miyazaki-kaika.com
組合・団体,公益財団法人沖縄県防犯協会連合会,okikenboren.or.jp
建築・建設・工事,有限会社総合企画,sougou-kikaku.net
工場・工業,株式会社アイエステック,istech2014.co.jp
運送,有限会社　浦辺運送,urabeunsou.com
福祉施設,合同会社　千里プランニング,senriplanning.com
不動産,株式会社 かわはら館,kawaharakan.com
建築・建設・工事,株式会社　豊成工業,houseikougyou.com
卸売,浜添製菓,hamazoe-seika.com
福祉施設,特定非営利活動法人 ひるぎ,hirugi.okinawa
,有限会社　新和建設工業(リニューアル),shinwa-shibutsu.com
農業,株式会社 木望,kibou-forest.com
飲食,有限会社　たまごハウス,tamago-house.jp
建築・建設・工事,協創 株式会社,kyousou-inc.com
飲食,株式会社山文,bunzou-kyoto.com
建築・建設・工事,株式会社英機工,hidekikou.com
自動車,ガレージタケウチ,garage-takeuchi.com
保育園・幼稚園,なないろ保育園,nanairo-hoikuen.com
整体・整骨・接骨,整体院元気庵,genkian-shiatsu.com
小売店舗,株式会社 ユーガ,harp-pharmacy.com
農業,株式会社　梅本林業,umemotoringyou.com
サービス,ペットサロン natural,natural2014.com
建築・建設・工事,株式会社OPEN G,open-g.co.jp
サービス,秀丸,hidemaru1126.net
建築・建設・工事,有限会社 メンテナンスナカムラ,mnt-n.co.jp
建築・建設・工事,ABSORB,absorb-kokura.com
美容,株式会社ベレッザ,bellezza.bz
建築・建設・工事,株式会社 岩田工務店,iwata-komuten.jp
福祉施設,シルバーメディカル株式会社,bgmgroup.co.jp
飲食,株式会社 英唱ひらみ屋,bongadou-hiramiya.com
医院,あおば歯科医院,aobashika.com
小売店舗,有限会社サニープレイス,sunny-p.net
組合・団体,読谷村漁業協同組合,yomitangyokyou.com
小売店舗,ジョイントクラブ,joint-club2014.net
交通,ECO産業,eco-sangyou.com
建築・建設・工事,株式会社 光栄,koueiinc.net
福祉施設,一般社団法人一輪舎　ラ・リューシュ,ichirinsha.or.jp
建築・建設・工事,株式会社 嘉手川電設,kadekawadensetsu.com
保育園・幼稚園,社会福祉法人健友福祉会　ながやま保育園,nagayamahoikuen.com
医院,宿連寺歯科クリニック,shukurenji-dc.com
福祉施設,特定非営利活動法人きぼう館種子島,kiboukan-ise2014.com
飲食,すし一番,sushi1ban.com
進学塾,英伸館,eishinkan88.com
建築・建設・工事,有限会社白石塗装,shiraishi-p.com
飲食,道産子ラーメン,dosanko-ramen.com
建築・建設・工事,中部緑化土木株式会社,chuuburyokka-okinawa.jp
保育園・幼稚園,社会福祉法人　明諒福祉会　ふれ愛保育園,hureaihoikuen.com
建築・建設・工事,株式会社磯崎瓦商店,isozakikawara.com
工場・工業,株式会社船蔵,funagura.co.jp
医院,医療法人 一宜会 大北内科胃腸科クリニック,ookitanaika-ichouka.okinawa
福祉施設,ライズ株式会社,sakurakoubou.net
サービス,九州綜合警備保障株式会社,kyusokei.com
工場・工業,谷口敷布工場,towel-seisaku.com
サービス,諸見里写真アート,syashin-art.com
サービス,株式会社 ケイツーテック ＋FUCT,p-fuct.com
士業,さくら社労士事務所 就業規則専門サイト,sr-sakura.com
士業,さくら社労士事務所 障害年金申請専門サイト,hyogo-syogai.com
小売店舗,株式会社サンフレッシュ,super-sunfresh.net
サービス,株式会社ブレイブ,brave-oa.net
建築・建設・工事,EMコーポレーション株式会社,em-corp.net
建築・建設・工事,マスダテクノ株式会社,masuda-techno.co.jp
卸売,沖縄月星 株式会社,okinawatsukihoshi.com
建築設計事務所,株式会社アークレーヴ,arc-reve.com
印刷・デザイン,アートデザイン,artdesignhakata.com
運送,株式会社つばさ,tsubasa-yahata.com
飲食,株式会社天国 カフェダイニング1059,cafe1059.com
建築・建設・工事,空間工房 株式会社,kukan.link
卸売,新生オカダ 株式会社,shinsei-web.net
工場・工業,丸高工業有限会社,marutakapsk.com
工場・工業,有限会社 山川商店,yamakawa-k.com
福祉施設,株式会社 GOKIGENHOUSE デイサービスごきげん家,gokigen-house.jp
建築・建設・工事,建築塗装キムラ,kenchikutosou-kimura.com
美容,有限会社 大濵,oohama.jp
卸売,有限会社 双葉食品,futabashokuhin.com
建築・建設・工事,株式会社 アスカム,asukamu.jp
,株式会社NEXIA,nexia-1209.com
飲食,Cocina uchida,cocina-uchida.com
工場・工業,ミユキ電機株式会社,miyukidenki.com
サービス,書家山内美鳳,yamauchi-bihou.com
,らあめんこらぼるた,colavolta.com
,株式会社 奥田,fusuma-okuda.com
,コウマスター 株式会社,koumaster.com
福祉施設,社会福祉法人 琉球キリスト教奉仕団 特別養護老人ホーム愛の村,ainomura.okinawa
宿泊施設,民宿オアシス,minshuku-oasis.net
,クロダインテリアーズ,kurodareformsoudan.com
保育園・幼稚園,社会福祉法人 みどりの里福祉会 つくしんぼ保育園,tsukushinbo-h.com
組合・団体,一般社団法人 沖縄県設備設計事務所協会,okinawa-ea.net
建築・建設・工事,本部造園 株式会社,motobuzouen.com
,社会福祉法人 丹後大宮福祉会 おおみや苑,oomiyaen.com
,株式会社TOHSHIN 美食屋かなで,bisyokuya-kanade.com
,株式会社 UMITEC,umitec.co.jp
,英友緑建 株式会社,eiyuu2008.com
,泉佐野再生・市民の会,nakashoya-hidetaka.com
工場・工業,ドリーム畳店,dream-t.okinawa
建築・建設・工事,有限会社 カイ設備,caisetubi.com
,株式会社 野島工業,e-nojima.com
,株式会社 ライフデザイン・プロデュース,lifedesign-produce.jp
,株式会社 カマテック,kamatec.jp
建築・建設・工事,株式会社 剛設備社,gousetsubi.com
医院,なごみ泌尿器科クリニック,nagomi-clinic.okinawa
,焼肉 おか屋,yakiniku-okaya.com
,粉もん昭和や,konamon-shouwaya.com
,株式会社 小﨑工業,kozaki-k.com
,hair innovation Villa,hair-villa.net
,焼肉ダイニング権　,yakiniku-gon.com
保育園・幼稚園,社会福祉法人 みぎわ福祉会 みぎわ保育園,migiwa-hoikuen.com
農業,有限会社 野国農園,noguni.com
,有限会社 佐々木工務店,sasaki-style.com
,宗教法人 華厳密教宗仏石山参学寺,sangakuji.com
,オズ建築事務所　,oz-ao.com
小売店舗,株式会社 新花,flowershinka.com
建築・建設・工事,有限会社 オキツウ（エアコンネット沖縄）,eaconnet.com
福祉施設,合同会社 SunHeart デイサービスセンターサンハート,sunheart-kadena.com
福祉施設,有限会社 中央調剤薬局（あかみち薬局）　,akamichi.net
建築設計事務所,三愛企画設計,sanai-architect.com
,有限会社 岡井造園,okaizoen.com
小売店舗,株式会社 昭美堂,shoubido.info
建築・建設・工事,有限会社 琉測コンサルタント,ryusoku-c.com
寺院,宗教法人 普天間バプテスト教会,futenmabap-church.com
保育園・幼稚園,社会福祉法人 東和福祉会 平和保育園,heiwa-hoikuen.com
建築・建設・工事,合同会社 琉球ライフ,ryukyulife.info
,日本料理きらら,2013kirara.com
進学塾,泡瀬ゼミナール,avvaseseminar.com
建築設計事務所,アトリエガィィ,atelier-gaii.com
保育園・幼稚園,社会福祉法人 シオン福祉会 西原白百合保育園,sirayurihoikuen.com
飲食,マンガ喫茶アミューズ,amuse-nagata.com
